"SKU","Title"
"0002SSP","Sooryehan Su CheonSamSangWhang Essence 10ml"
"0092SD","SKINFOOD OLIVE MASK 100G FREE SHIPPING"
"608405","Sulwhasoo Essential Revitalizing Serum 50ml Free Shipping"
"0033SK","SK-II Whitening Spots Specialist 30ml"
"0088SD","SKINFOOD ACAI BERRY MASK 100G"
"1010SK","SK-II Whitening Source Derm Brightener 75ml"
"02228SD","Skinfood Gold Caviar Gift Set 3"
"03335SK","SK-II Signs Eye Mask 14 Pairs"
"0013SKP","SK-II LXP Trail Set 2pcs: Ultimate Perfecting Serum + Ultimate Perfecting Cream"
"02259SK","SK-II Facial Treatment Essence 75ml"
"0826SK","SK-II Facial Lift Emulsion 100ml"
"151000P","Sisley Sisleya Cream 15ml Eye and Lip Contour Cream"
"02929SK","SK II Facial Treatment Cleansing Gel 100g/3.3oz"
"1000SK","SK II Skin Refining Treatment 50g"
"113000","Sisley Lyslait Cleansing Milk With White Lily Dry Sensitive Skin 250ml"
"106100","Sisley Floral Spray Mist 125ml"
"140000","SISLEY Black Rose Cream Mask 60ml"
"108200P","Shu Uemura Skin Purifier Fresh Pore Clarifying Gentle Cleansing Oil 50ml"
"0089SE","Shiseido Perfect Whip Cleansing Foam 120g"
"0003PS","Paul Smith Rose Eau De Parfum Spray 30ml"
"118579","Salvatore Ferragamo Incanto Bloom Eau De Toilette Spray 100ml"
"0005PC","Paco Rabanne One Million Lady Eau De Parfum Spray 50ml"
"0005SF","Salvatore Ferragamo Incanto Charms Eau De Toilette Spray 50ml"
"0007NR","Nina Ricci L'air Du Temps Eau De Toilette Spray 30ml"
"0021NR","Nina Ricci Ricci Ricci Dancing Ribbon Eau De Parfum Spray 50ml"
"0005MOP","Moschino Cheap & Chic Light Clouds Eau De Toilette Spray 30ml"
"73756","My Beauty Diary  Ginseng Mask 10pcs"
"73787","My Beauty Diary  Broccoli Mask 10pcs"
"73770","My Beauty Diary  Rice Mask 10pcs"
"ID89","Elizabeth Arden 5th Avenue Eau De Parfum Spray 125ml"
